Date,High,Low
2021-01-18 00:00,103.924,103.900
2021-01-18 00:01,103.931,103.904
2021-01-18 00:02,103.931,103.896
2021-01-18 00:03,103.901,103.876
2021-01-18 00:04,103.885,103.870
2021-01-18 00:05,103.888,103.876
2021-01-18 00:06,103.879,103.861
2021-01-18 00:07,103.863,103.845
2021-01-18 00:08,103.869,103.856
2021-01-18 00:09,103.868,103.860
2021-01-18 00:10,103.872,103.861
2021-01-18 00:11,103.870,103.857
2021-01-18 00:12,103.877,103.858
2021-01-18 00:13,103.885,103.856
2021-01-18 00:14,103.863,103.851
2021-01-18 00:15,103.865,103.851
2021-01-18 00:16,103.864,103.850
2021-01-18 00:17,103.854,103.851
2021-01-18 00:18,103.857,103.842
2021-01-18 00:19,103.863,103.853
2021-01-18 00:20,103.857,103.842
2021-01-18 00:21,103.846,103.827
2021-01-18 00:22,103.832,103.815
2021-01-18 00:23,103.838,103.823
2021-01-18 00:24,103.828,103.813
2021-01-18 00:25,103.822,103.796
2021-01-18 00:26,103.809,103.796
2021-01-18 00:27,103.822,103.804
2021-01-18 00:28,103.829,103.820
2021-01-18 00:29,103.834,103.823
2021-01-18 00:30,103.839,103.823
2021-01-18 00:31,103.835,103.821
2021-01-18 00:32,103.836,103.828
2021-01-18 00:33,103.835,103.829
2021-01-18 00:34,103.838,103.831
2021-01-18 00:35,103.836,103.828
2021-01-18 00:36,103.851,103.833
2021-01-18 00:37,103.845,103.829
2021-01-18 00:38,103.836,103.820
2021-01-18 00:39,103.822,103.813
2021-01-18 00:40,103.849,103.816
2021-01-18 00:41,103.851,103.841
2021-01-18 00:42,103.847,103.838
2021-01-18 00:43,103.840,103.836
2021-01-18 00:44,103.835,103.826
2021-01-18 00:45,103.834,103.830
2021-01-18 00:46,103.842,103.833
2021-01-18 00:47,103.844,103.839
2021-01-18 00:48,103.850,103.841
2021-01-18 00:49,103.854,103.842
2021-01-18 00:50,103.847,103.840
2021-01-18 00:51,103.844,103.830
2021-01-18 00:52,103.830,103.821
2021-01-18 00:53,103.844,103.823
2021-01-18 00:54,103.849,103.808
2021-01-18 00:55,103.827,103.796
2021-01-18 00:56,103.813,103.805
2021-01-18 00:57,103.811,103.804
2021-01-18 00:58,103.813,103.807
2021-01-18 00:59,103.818,103.808
2021-01-18 01:00,103.814,103.794
2021-01-18 01:01,103.829,103.799
2021-01-18 01:02,103.829,103.818
2021-01-18 01:03,103.822,103.812
2021-01-18 01:04,103.816,103.799
2021-01-18 01:05,103.813,103.800
2021-01-18 01:06,103.810,103.802
2021-01-18 01:07,103.810,103.787
2021-01-18 01:08,103.793,103.784
2021-01-18 01:09,103.785,103.761
2021-01-18 01:10,103.792,103.777
2021-01-18 01:11,103.793,103.787
2021-01-18 01:12,103.791,103.778
2021-01-18 01:13,103.783,103.774
2021-01-18 01:14,103.774,103.763
2021-01-18 01:15,103.774,103.766
2021-01-18 01:16,103.771,103.754
2021-01-18 01:17,103.768,103.758
2021-01-18 01:18,103.762,103.756
2021-01-18 01:19,103.767,103.754
2021-01-18 01:20,103.775,103.766
2021-01-18 01:21,103.774,103.771
2021-01-18 01:22,103.777,103.768
2021-01-18 01:23,103.769,103.760
2021-01-18 01:24,103.766,103.757
2021-01-18 01:25,103.762,103.744
2021-01-18 01:26,103.752,103.742
2021-01-18 01:27,103.756,103.747
2021-01-18 01:28,103.748,103.736
2021-01-18 01:29,103.741,103.728
2021-01-18 01:30,103.742,103.726
2021-01-18 01:31,103.736,103.725
2021-01-18 01:32,103.737,103.721
2021-01-18 01:33,103.728,103.716
2021-01-18 01:34,103.731,103.715
2021-01-18 01:35,103.738,103.722
2021-01-18 01:36,103.730,103.723
2021-01-18 01:37,103.726,103.717
2021-01-18 01:38,103.730,103.717
2021-01-18 01:39,103.735,103.729
2021-01-18 01:40,103.749,103.731
2021-01-18 01:41,103.752,103.732
2021-01-18 01:42,103.747,103.732
2021-01-18 01:43,103.737,103.732
2021-01-18 01:44,103.734,103.724
2021-01-18 01:45,103.732,103.724
2021-01-18 01:46,103.730,103.717
2021-01-18 01:47,103.742,103.717
2021-01-18 01:48,103.730,103.723
2021-01-18 01:49,103.728,103.723
2021-01-18 01:50,103.727,103.722
2021-01-18 01:51,103.726,103.717
2021-01-18 01:52,103.724,103.716
2021-01-18 01:53,103.733,103.724
2021-01-18 01:54,103.732,103.727
2021-01-18 01:55,103.726,103.714
2021-01-18 01:56,103.726,103.718
2021-01-18 01:57,103.720,103.705
2021-01-18 01:58,103.728,103.705
2021-01-18 01:59,103.732,103.723
2021-01-18 02:00,103.727,103.713
2021-01-18 02:01,103.724,103.711
2021-01-18 02:02,103.710,103.704
2021-01-18 02:03,103.709,103.695
2021-01-18 02:04,103.703,103.690
2021-01-18 02:05,103.702,103.689
2021-01-18 02:06,103.702,103.698
2021-01-18 02:07,103.696,103.688
2021-01-18 02:08,103.706,103.689
2021-01-18 02:09,103.706,103.698
2021-01-18 02:10,103.726,103.706
2021-01-18 02:11,103.734,103.724
2021-01-18 02:12,103.730,103.723
2021-01-18 02:13,103.732,103.718
2021-01-18 02:14,103.726,103.707
2021-01-18 02:15,103.728,103.715
2021-01-18 02:16,103.735,103.716
2021-01-18 02:17,103.736,103.716
2021-01-18 02:18,103.734,103.714
2021-01-18 02:19,103.733,103.716
2021-01-18 02:20,103.736,103.720
2021-01-18 02:21,103.739,103.723
2021-01-18 02:22,103.744,103.728
2021-01-18 02:23,103.748,103.730
2021-01-18 02:24,103.751,103.736
2021-01-18 02:25,103.749,103.733
2021-01-18 02:26,103.746,103.729
2021-01-18 02:27,103.745,103.727
2021-01-18 02:28,103.744,103.732
2021-01-18 02:29,103.748,103.734
2021-01-18 02:30,103.744,103.730
2021-01-18 02:31,103.735,103.726
2021-01-18 02:32,103.733,103.723
2021-01-18 02:33,103.725,103.719
2021-01-18 02:34,103.724,103.723
2021-01-18 02:35,103.724,103.715
2021-01-18 02:36,103.718,103.709
2021-01-18 02:37,103.712,103.704
2021-01-18 02:38,103.706,103.700
2021-01-18 02:39,103.700,103.689
2021-01-18 02:40,103.708,103.697
2021-01-18 02:41,103.706,103.695
2021-01-18 02:42,103.710,103.701
2021-01-18 02:43,103.712,103.701
2021-01-18 02:44,103.708,103.705
2021-01-18 02:45,103.710,103.705
2021-01-18 02:46,103.709,103.702
2021-01-18 02:47,103.710,103.700
2021-01-18 02:48,103.707,103.701
2021-01-18 02:49,103.712,103.703
2021-01-18 02:50,103.717,103.708
2021-01-18 02:51,103.714,103.704
2021-01-18 02:52,103.715,103.705
2021-01-18 02:53,103.717,103.707
2021-01-18 02:54,103.712,103.711
2021-01-18 02:55,103.712,103.704
2021-01-18 02:56,103.712,103.709
2021-01-18 02:57,103.716,103.710
2021-01-18 02:58,103.711,103.704
2021-01-18 02:59,103.716,103.705
2021-01-18 03:00,103.719,103.705
2021-01-18 03:01,103.725,103.709
2021-01-18 03:02,103.725,103.712
2021-01-18 03:03,103.728,103.717
2021-01-18 03:04,103.732,103.719
2021-01-18 03:05,103.732,103.722
2021-01-18 03:06,103.737,103.721
2021-01-18 03:07,103.743,103.726
2021-01-18 03:08,103.749,103.736
2021-01-18 03:09,103.750,103.736
2021-01-18 03:10,103.753,103.738
2021-01-18 03:11,103.754,103.743
2021-01-18 03:12,103.745,103.741
2021-01-18 03:14,103.741,103.735
2021-01-18 03:15,103.751,103.735
2021-01-18 03:16,103.752,103.740
2021-01-18 03:17,103.747,103.735
2021-01-18 03:18,103.750,103.736
2021-01-18 03:19,103.746,103.739
2021-01-18 03:20,103.751,103.738
2021-01-18 03:21,103.746,103.740
2021-01-18 03:22,103.755,103.744
2021-01-18 03:23,103.766,103.750
2021-01-18 03:24,103.763,103.751
2021-01-18 03:25,103.758,103.756
2021-01-18 03:26,103.757,103.745
2021-01-18 03:27,103.761,103.746
2021-01-18 03:28,103.764,103.753
2021-01-18 03:29,103.761,103.758
2021-01-18 03:30,103.771,103.761
2021-01-18 03:31,103.773,103.764
2021-01-18 03:32,103.780,103.771
2021-01-18 03:33,103.782,103.774
2021-01-18 03:34,103.772,103.767
2021-01-18 03:35,103.768,103.759
2021-01-18 03:36,103.765,103.760
2021-01-18 03:37,103.763,103.757
2021-01-18 03:38,103.757,103.752
2021-01-18 03:39,103.759,103.754
2021-01-18 03:40,103.767,103.761
2021-01-18 03:41,103.769,103.763
2021-01-18 03:42,103.765,103.762
2021-01-18 03:43,103.766,103.760
2021-01-18 03:44,103.764,103.763
2021-01-18 03:45,103.763,103.759
2021-01-18 03:46,103.764,103.759
2021-01-18 03:47,103.766,103.761
2021-01-18 03:48,103.765,103.764
2021-01-18 03:49,103.767,103.764
2021-01-18 03:50,103.770,103.765
2021-01-18 03:51,103.767,103.763
2021-01-18 03:52,103.763,103.756
2021-01-18 03:53,103.763,103.758
2021-01-18 03:54,103.761,103.760
2021-01-18 03:55,103.768,103.762
2021-01-18 03:56,103.768,103.763
2021-01-18 03:57,103.762,103.752
2021-01-18 03:58,103.754,103.746
2021-01-18 03:59,103.752,103.743
2021-01-18 04:00,103.755,103.745
2021-01-18 04:01,103.757,103.750
2021-01-18 04:02,103.763,103.757
2021-01-18 04:03,103.759,103.754
2021-01-18 04:04,103.759,103.754
2021-01-18 04:05,103.765,103.755
2021-01-18 04:06,103.768,103.758
2021-01-18 04:07,103.761,103.752
2021-01-18 04:08,103.755,103.753
2021-01-18 04:09,103.753,103.751
2021-01-18 04:10,103.753,103.747
2021-01-18 04:11,103.752,103.742
2021-01-18 04:12,103.746,103.740
2021-01-18 04:13,103.741,103.734
2021-01-18 04:14,103.735,103.731
2021-01-18 04:15,103.742,103.735
2021-01-18 04:16,103.744,103.736
2021-01-18 04:17,103.748,103.739
2021-01-18 04:18,103.748,103.744
2021-01-18 04:19,103.751,103.746
2021-01-18 04:20,103.750,103.747
2021-01-18 04:21,103.757,103.748
2021-01-18 04:22,103.756,103.749
2021-01-18 04:23,103.757,103.753
2021-01-18 04:24,103.761,103.755
2021-01-18 04:25,103.761,103.753
2021-01-18 04:26,103.756,103.743
2021-01-18 04:27,103.752,103.746
2021-01-18 04:28,103.753,103.746
2021-01-18 04:29,103.752,103.748
2021-01-18 04:30,103.755,103.748
2021-01-18 04:31,103.766,103.751
2021-01-18 04:32,103.767,103.756
2021-01-18 04:33,103.759,103.750
2021-01-18 04:34,103.752,103.747
2021-01-18 04:35,103.752,103.749
2021-01-18 04:36,103.755,103.748
2021-01-18 04:37,103.761,103.754
2021-01-18 04:38,103.759,103.753
2021-01-18 04:39,103.759,103.755
2021-01-18 04:40,103.756,103.753
2021-01-18 04:41,103.756,103.755
2021-01-18 04:42,103.762,103.758
2021-01-18 04:43,103.760,103.754
2021-01-18 04:44,103.757,103.757
2021-01-18 04:45,103.758,103.750
2021-01-18 04:46,103.750,103.744
2021-01-18 04:47,103.750,103.741
2021-01-18 04:48,103.755,103.750
2021-01-18 04:49,103.754,103.747
2021-01-18 04:50,103.755,103.751
2021-01-18 04:51,103.755,103.752
2021-01-18 04:52,103.755,103.750
2021-01-18 04:53,103.752,103.747
2021-01-18 04:54,103.752,103.745
2021-01-18 04:55,103.746,103.737
2021-01-18 04:56,103.742,103.737
2021-01-18 04:57,103.744,103.736
2021-01-18 04:58,103.745,103.737
2021-01-18 04:59,103.747,103.741
2021-01-18 05:00,103.747,103.736
2021-01-18 05:01,103.738,103.735
2021-01-18 05:02,103.740,103.734
2021-01-18 05:03,103.736,103.734
2021-01-18 05:04,103.736,103.734
2021-01-18 05:05,103.736,103.735
2021-01-18 05:06,103.742,103.736
2021-01-18 05:07,103.741,103.736
2021-01-18 05:08,103.744,103.740
2021-01-18 05:09,103.750,103.740
2021-01-18 05:10,103.747,103.737
2021-01-18 05:11,103.742,103.735
2021-01-18 05:12,103.745,103.735
2021-01-18 05:13,103.734,103.724
2021-01-18 05:14,103.730,103.710
2021-01-18 05:15,103.723,103.713
2021-01-18 05:16,103.718,103.710
2021-01-18 05:17,103.711,103.706
2021-01-18 05:18,103.710,103.704
2021-01-18 05:19,103.716,103.707
2021-01-18 05:20,103.722,103.713
2021-01-18 05:21,103.722,103.718
2021-01-18 05:22,103.725,103.716
2021-01-18 05:23,103.730,103.722
2021-01-18 05:24,103.730,103.726
2021-01-18 05:25,103.729,103.720
2021-01-18 05:26,103.722,103.717
2021-01-18 05:27,103.724,103.717
2021-01-18 05:28,103.729,103.716
2021-01-18 05:29,103.720,103.715
2021-01-18 05:30,103.722,103.715
2021-01-18 05:31,103.724,103.716
2021-01-18 05:32,103.723,103.715
2021-01-18 05:33,103.724,103.716
2021-01-18 05:34,103.725,103.716
2021-01-18 05:35,103.721,103.712
2021-01-18 05:36,103.721,103.705
2021-01-18 05:37,103.710,103.704
2021-01-18 05:38,103.707,103.695
2021-01-18 05:39,103.701,103.698
2021-01-18 05:40,103.709,103.702
2021-01-18 05:41,103.705,103.700
2021-01-18 05:42,103.708,103.701
2021-01-18 05:43,103.708,103.699
2021-01-18 05:44,103.716,103.709
2021-01-18 05:45,103.715,103.712
2021-01-18 05:46,103.715,103.710
2021-01-18 05:47,103.721,103.711
2021-01-18 05:48,103.722,103.716
2021-01-18 05:49,103.725,103.716
2021-01-18 05:50,103.728,103.721
2021-01-18 05:51,103.731,103.725
2021-01-18 05:52,103.734,103.731
2021-01-18 05:53,103.737,103.723
2021-01-18 05:54,103.733,103.726
2021-01-18 05:55,103.736,103.730
2021-01-18 05:56,103.732,103.728
2021-01-18 05:57,103.730,103.725
2021-01-18 05:58,103.733,103.725
2021-01-18 05:59,103.739,103.725
2021-01-18 06:00,103.751,103.719
2021-01-18 06:01,103.747,103.740
2021-01-18 06:02,103.743,103.738
2021-01-18 06:03,103.746,103.736
2021-01-18 06:04,103.750,103.741
2021-01-18 06:05,103.746,103.740
2021-01-18 06:06,103.750,103.738
2021-01-18 06:07,103.750,103.745
2021-01-18 06:08,103.751,103.747
2021-01-18 06:09,103.750,103.745
2021-01-18 06:10,103.754,103.746
2021-01-18 06:11,103.752,103.740
2021-01-18 06:12,103.745,103.741
2021-01-18 06:13,103.746,103.739
2021-01-18 06:14,103.750,103.744
2021-01-18 06:15,103.748,103.744
2021-01-18 06:16,103.747,103.743
2021-01-18 06:17,103.744,103.734
2021-01-18 06:18,103.740,103.732
2021-01-18 06:19,103.742,103.733
2021-01-18 06:20,103.741,103.734
2021-01-18 06:21,103.737,103.735
2021-01-18 06:22,103.744,103.734
2021-01-18 06:23,103.744,103.741
2021-01-18 06:24,103.744,103.742
2021-01-18 06:25,103.743,103.734
2021-01-18 06:26,103.748,103.734
2021-01-18 06:27,103.745,103.740
2021-01-18 06:28,103.748,103.745
2021-01-18 06:29,103.747,103.743
2021-01-18 06:30,103.741,103.738
2021-01-18 06:31,103.738,103.731
2021-01-18 06:32,103.736,103.732
2021-01-18 06:33,103.739,103.732
2021-01-18 06:34,103.739,103.738
2021-01-18 06:35,103.745,103.739
2021-01-18 06:36,103.746,103.739
2021-01-18 06:37,103.747,103.740
2021-01-18 06:38,103.745,103.745
2021-01-18 06:40,103.743,103.736
2021-01-18 06:41,103.745,103.738
2021-01-18 06:42,103.743,103.739
2021-01-18 06:43,103.744,103.739
2021-01-18 06:44,103.740,103.738
2021-01-18 06:45,103.738,103.734
2021-01-18 06:46,103.734,103.729
2021-01-18 06:47,103.733,103.729
2021-01-18 06:49,103.735,103.728
2021-01-18 06:50,103.735,103.733
2021-01-18 06:51,103.736,103.735
2021-01-18 06:52,103.733,103.729
2021-01-18 06:53,103.735,103.730
2021-01-18 06:54,103.729,103.712
2021-01-18 06:55,103.714,103.708
2021-01-18 06:56,103.716,103.704
2021-01-18 06:57,103.712,103.707
2021-01-18 06:58,103.712,103.705
2021-01-18 06:59,103.721,103.708
2021-01-18 07:00,103.723,103.715
2021-01-18 07:01,103.721,103.714
2021-01-18 07:02,103.720,103.711
2021-01-18 07:03,103.710,103.703
2021-01-18 07:04,103.712,103.701
2021-01-18 07:05,103.719,103.709
2021-01-18 07:06,103.729,103.719
2021-01-18 07:07,103.732,103.728
2021-01-18 07:08,103.730,103.721
2021-01-18 07:09,103.732,103.721
2021-01-18 07:10,103.727,103.720
2021-01-18 07:11,103.724,103.718
2021-01-18 07:12,103.718,103.713
2021-01-18 07:13,103.723,103.709
2021-01-18 07:14,103.735,103.722
2021-01-18 07:15,103.732,103.725
2021-01-18 07:16,103.731,103.728
2021-01-18 07:17,103.729,103.719
2021-01-18 07:18,103.727,103.718
2021-01-18 07:19,103.725,103.717
2021-01-18 07:20,103.722,103.719
2021-01-18 07:21,103.720,103.719
2021-01-18 07:22,103.719,103.715
2021-01-18 07:23,103.728,103.719
2021-01-18 07:24,103.736,103.719
2021-01-18 07:25,103.739,103.734
2021-01-18 07:26,103.741,103.735
2021-01-18 07:27,103.740,103.728
2021-01-18 07:28,103.741,103.731
2021-01-18 07:29,103.741,103.731
2021-01-18 07:30,103.752,103.741
2021-01-18 07:31,103.759,103.750
2021-01-18 07:32,103.756,103.751
2021-01-18 07:33,103.758,103.737
2021-01-18 07:34,103.757,103.746
2021-01-18 07:35,103.749,103.747
2021-01-18 07:36,103.748,103.742
2021-01-18 07:37,103.748,103.742
2021-01-18 07:38,103.743,103.732
2021-01-18 07:39,103.741,103.736
2021-01-18 07:40,103.741,103.737
2021-01-18 07:41,103.739,103.731
2021-01-18 07:42,103.746,103.734
2021-01-18 07:43,103.753,103.742
2021-01-18 07:44,103.752,103.746
2021-01-18 07:45,103.749,103.729
2021-01-18 07:46,103.731,103.727
2021-01-18 07:47,103.730,103.722
2021-01-18 07:48,103.731,103.722
2021-01-18 07:49,103.725,103.715
2021-01-18 07:50,103.724,103.717
2021-01-18 07:51,103.724,103.715
2021-01-18 07:52,103.724,103.716
2021-01-18 07:53,103.733,103.721
2021-01-18 07:54,103.739,103.730
2021-01-18 07:55,103.742,103.737
2021-01-18 07:56,103.743,103.740
2021-01-18 07:57,103.754,103.742
2021-01-18 07:58,103.762,103.753
2021-01-18 07:59,103.759,103.754
2021-01-18 08:00,103.772,103.757
2021-01-18 08:01,103.766,103.755
2021-01-18 08:02,103.763,103.754
2021-01-18 08:03,103.767,103.755
2021-01-18 08:04,103.775,103.766
2021-01-18 08:05,103.777,103.771
2021-01-18 08:06,103.775,103.770
2021-01-18 08:07,103.773,103.766
2021-01-18 08:08,103.776,103.768
2021-01-18 08:09,103.774,103.762
2021-01-18 08:10,103.771,103.760
2021-01-18 08:11,103.773,103.765
2021-01-18 08:12,103.772,103.764
2021-01-18 08:13,103.769,103.761
2021-01-18 08:14,103.778,103.764
2021-01-18 08:15,103.779,103.769
2021-01-18 08:16,103.783,103.776
2021-01-18 08:17,103.788,103.777
2021-01-18 08:18,103.792,103.780
2021-01-18 08:19,103.797,103.789
2021-01-18 08:20,103.792,103.783
2021-01-18 08:21,103.787,103.778
2021-01-18 08:22,103.783,103.771
2021-01-18 08:23,103.780,103.772
2021-01-18 08:24,103.781,103.776
2021-01-18 08:25,103.782,103.746
2021-01-18 08:26,103.762,103.756
2021-01-18 08:27,103.767,103.758
2021-01-18 08:28,103.766,103.757
2021-01-18 08:29,103.766,103.754
2021-01-18 08:30,103.766,103.756
2021-01-18 08:31,103.762,103.746
2021-01-18 08:32,103.753,103.746
2021-01-18 08:33,103.748,103.740
2021-01-18 08:34,103.753,103.739
2021-01-18 08:35,103.748,103.738
2021-01-18 08:36,103.753,103.747
2021-01-18 08:37,103.751,103.726
2021-01-18 08:38,103.743,103.729
2021-01-18 08:39,103.739,103.729
2021-01-18 08:40,103.742,103.734
2021-01-18 08:41,103.756,103.739
2021-01-18 08:42,103.756,103.745
2021-01-18 08:43,103.749,103.742
2021-01-18 08:44,103.749,103.738
2021-01-18 08:45,103.749,103.730
2021-01-18 08:46,103.750,103.731
2021-01-18 08:47,103.757,103.744
2021-01-18 08:48,103.756,103.747
2021-01-18 08:49,103.761,103.753
2021-01-18 08:50,103.759,103.758
2021-01-18 08:51,103.768,103.758
2021-01-18 08:52,103.768,103.762
2021-01-18 08:53,103.770,103.759
2021-01-18 08:54,103.778,103.771
2021-01-18 08:55,103.788,103.776
2021-01-18 08:56,103.786,103.778
2021-01-18 08:57,103.783,103.777
2021-01-18 08:58,103.778,103.769
2021-01-18 08:59,103.781,103.768
2021-01-18 09:00,103.782,103.776
2021-01-18 09:01,103.790,103.779
2021-01-18 09:02,103.793,103.780
2021-01-18 09:03,103.795,103.789
2021-01-18 09:04,103.797,103.787
2021-01-18 09:05,103.802,103.785
2021-01-18 09:06,103.792,103.783
2021-01-18 09:07,103.796,103.789
2021-01-18 09:08,103.800,103.793
2021-01-18 09:09,103.798,103.793
2021-01-18 09:10,103.799,103.791
2021-01-18 09:11,103.796,103.789
2021-01-18 09:12,103.792,103.789
2021-01-18 09:13,103.793,103.788
2021-01-18 09:14,103.793,103.786
2021-01-18 09:15,103.788,103.779
2021-01-18 09:16,103.791,103.773
2021-01-18 09:17,103.782,103.777
2021-01-18 09:18,103.782,103.774
2021-01-18 09:19,103.782,103.773
2021-01-18 09:20,103.784,103.774
2021-01-18 09:21,103.794,103.778
2021-01-18 09:22,103.794,103.790
2021-01-18 09:23,103.794,103.790
2021-01-18 09:24,103.798,103.793
2021-01-18 09:25,103.799,103.793
2021-01-18 09:26,103.796,103.791
2021-01-18 09:27,103.797,103.791
2021-01-18 09:28,103.799,103.793
2021-01-18 09:29,103.800,103.795
2021-01-18 09:30,103.810,103.798
2021-01-18 09:31,103.819,103.808
2021-01-18 09:32,103.821,103.813
2021-01-18 09:33,103.824,103.821
2021-01-18 09:34,103.828,103.820
2021-01-18 09:35,103.832,103.823
2021-01-18 09:36,103.827,103.821
2021-01-18 09:37,103.826,103.818
2021-01-18 09:38,103.824,103.817
2021-01-18 09:39,103.828,103.822
2021-01-18 09:40,103.831,103.825
2021-01-18 09:41,103.832,103.823
2021-01-18 09:42,103.826,103.823
2021-01-18 09:43,103.825,103.815
2021-01-18 09:44,103.821,103.813
2021-01-18 09:45,103.836,103.823
2021-01-18 09:46,103.841,103.836
2021-01-18 09:47,103.841,103.835
2021-01-18 09:48,103.836,103.822
2021-01-18 09:49,103.830,103.819
2021-01-18 09:50,103.832,103.824
2021-01-18 09:51,103.831,103.825
2021-01-18 09:52,103.829,103.826
2021-01-18 09:53,103.832,103.825
2021-01-18 09:54,103.828,103.812
2021-01-18 09:55,103.815,103.806
2021-01-18 09:56,103.819,103.814
2021-01-18 09:57,103.816,103.815
2021-01-18 09:58,103.815,103.809
2021-01-18 09:59,103.815,103.809
2021-01-18 10:00,103.813,103.805
2021-01-18 10:01,103.809,103.803
2021-01-18 10:02,103.808,103.802
2021-01-18 10:03,103.807,103.803
2021-01-18 10:04,103.803,103.788
2021-01-18 10:05,103.796,103.791
2021-01-18 10:06,103.796,103.793
2021-01-18 10:07,103.802,103.793
2021-01-18 10:08,103.803,103.794
2021-01-18 10:09,103.795,103.790
2021-01-18 10:10,103.798,103.790
2021-01-18 10:11,103.791,103.787
2021-01-18 10:12,103.786,103.778
2021-01-18 10:13,103.785,103.777
2021-01-18 10:14,103.779,103.766
2021-01-18 10:15,103.774,103.767
2021-01-18 10:16,103.771,103.764
2021-01-18 10:17,103.776,103.766
2021-01-18 10:18,103.780,103.770
2021-01-18 10:19,103.776,103.758
2021-01-18 10:20,103.769,103.762
2021-01-18 10:21,103.771,103.766
2021-01-18 10:22,103.772,103.759
2021-01-18 10:23,103.768,103.760
2021-01-18 10:24,103.782,103.767
2021-01-18 10:25,103.783,103.775
2021-01-18 10:26,103.783,103.776
2021-01-18 10:27,103.785,103.779
2021-01-18 10:28,103.791,103.785
2021-01-18 10:29,103.798,103.789
2021-01-18 10:30,103.798,103.792
2021-01-18 10:31,103.796,103.790
2021-01-18 10:32,103.798,103.794
2021-01-18 10:33,103.798,103.791
2021-01-18 10:34,103.799,103.794
2021-01-18 10:35,103.794,103.788
2021-01-18 10:36,103.792,103.788
2021-01-18 10:37,103.797,103.788
2021-01-18 10:38,103.795,103.790
2021-01-18 10:39,103.797,103.791
2021-01-18 10:40,103.799,103.791
2021-01-18 10:41,103.797,103.790
2021-01-18 10:42,103.798,103.785
2021-01-18 10:43,103.789,103.786
2021-01-18 10:44,103.789,103.786
2021-01-18 10:45,103.784,103.778
2021-01-18 10:46,103.779,103.775
2021-01-18 10:47,103.783,103.780
2021-01-18 10:48,103.783,103.779
2021-01-18 10:49,103.789,103.783
2021-01-18 10:50,103.791,103.788
2021-01-18 10:51,103.792,103.787
2021-01-18 10:52,103.793,103.790
2021-01-18 10:53,103.794,103.789
2021-01-18 10:54,103.793,103.790
2021-01-18 10:55,103.792,103.788
2021-01-18 10:56,103.794,103.785
2021-01-18 10:57,103.788,103.783
2021-01-18 10:58,103.789,103.783
2021-01-18 10:59,103.791,103.775
2021-01-18 11:00,103.784,103.775
2021-01-18 11:01,103.782,103.777
2021-01-18 11:02,103.780,103.773
2021-01-18 11:03,103.775,103.769
2021-01-18 11:04,103.772,103.767
2021-01-18 11:05,103.790,103.771
2021-01-18 11:06,103.785,103.776
2021-01-18 11:07,103.783,103.775
2021-01-18 11:08,103.779,103.769
2021-01-18 11:09,103.779,103.771
2021-01-18 11:10,103.780,103.765
2021-01-18 11:11,103.772,103.767
2021-01-18 11:12,103.771,103.757
2021-01-18 11:13,103.761,103.745
2021-01-18 11:14,103.754,103.744
2021-01-18 11:15,103.756,103.752
2021-01-18 11:16,103.755,103.734
2021-01-18 11:17,103.750,103.741
2021-01-18 11:18,103.755,103.748
2021-01-18 11:19,103.757,103.750
2021-01-18 11:20,103.754,103.747
2021-01-18 11:21,103.749,103.740
2021-01-18 11:22,103.752,103.739
2021-01-18 11:23,103.765,103.750
2021-01-18 11:24,103.765,103.757
2021-01-18 11:25,103.757,103.749
2021-01-18 11:26,103.755,103.749
2021-01-18 11:27,103.756,103.750
2021-01-18 11:28,103.752,103.751
2021-01-18 11:29,103.752,103.744
2021-01-18 11:30,103.758,103.745
2021-01-18 11:31,103.757,103.751
2021-01-18 11:32,103.756,103.750
2021-01-18 11:33,103.758,103.748
2021-01-18 11:34,103.757,103.753
2021-01-18 11:35,103.755,103.727
2021-01-18 11:36,103.730,103.721
2021-01-18 11:37,103.737,103.724
2021-01-18 11:38,103.736,103.731
2021-01-18 11:39,103.735,103.729
2021-01-18 11:40,103.742,103.729
2021-01-18 11:41,103.740,103.730
2021-01-18 11:42,103.734,103.726
2021-01-18 11:43,103.741,103.728
2021-01-18 11:44,103.747,103.737
2021-01-18 11:45,103.745,103.740
2021-01-18 11:46,103.746,103.742
2021-01-18 11:47,103.747,103.740
2021-01-18 11:48,103.747,103.739
2021-01-18 11:49,103.747,103.740
2021-01-18 11:50,103.750,103.745
2021-01-18 11:51,103.755,103.747
2021-01-18 11:52,103.754,103.750
2021-01-18 11:53,103.748,103.745
2021-01-18 11:54,103.752,103.745
2021-01-18 11:55,103.759,103.748
2021-01-18 11:56,103.760,103.755
2021-01-18 11:57,103.762,103.755
2021-01-18 11:58,103.776,103.762
2021-01-18 11:59,103.774,103.753
2021-01-18 12:00,103.760,103.753
2021-01-18 12:01,103.761,103.755
2021-01-18 12:02,103.759,103.743
2021-01-18 12:03,103.756,103.749
2021-01-18 12:04,103.762,103.758
2021-01-18 12:05,103.760,103.752
2021-01-18 12:06,103.763,103.750
2021-01-18 12:07,103.762,103.757
2021-01-18 12:08,103.765,103.759
2021-01-18 12:09,103.767,103.764
2021-01-18 12:10,103.763,103.758
2021-01-18 12:11,103.759,103.749
2021-01-18 12:12,103.760,103.749
2021-01-18 12:13,103.761,103.756
2021-01-18 12:14,103.760,103.756
2021-01-18 12:15,103.763,103.755
2021-01-18 12:16,103.765,103.759
2021-01-18 12:17,103.764,103.759
2021-01-18 12:18,103.762,103.760
2021-01-18 12:19,103.774,103.762
2021-01-18 12:20,103.772,103.767
2021-01-18 12:21,103.770,103.767
2021-01-18 12:22,103.774,103.767
2021-01-18 12:23,103.772,103.766
2021-01-18 12:24,103.770,103.761
2021-01-18 12:25,103.762,103.756
2021-01-18 12:26,103.772,103.761
2021-01-18 12:27,103.776,103.769
2021-01-18 12:28,103.771,103.767
2021-01-18 12:29,103.771,103.766
2021-01-18 12:30,103.770,103.768
2021-01-18 12:31,103.770,103.770
2021-01-18 12:32,103.774,103.770
2021-01-18 12:33,103.780,103.773
2021-01-18 12:34,103.779,103.773
2021-01-18 12:35,103.778,103.766
2021-01-18 12:36,103.771,103.766
2021-01-18 12:37,103.769,103.765
2021-01-18 12:38,103.768,103.764
2021-01-18 12:39,103.782,103.766
2021-01-18 12:40,103.782,103.770
2021-01-18 12:41,103.771,103.767
2021-01-18 12:42,103.771,103.768
2021-01-18 12:43,103.775,103.770
2021-01-18 12:44,103.786,103.774
2021-01-18 12:45,103.784,103.775
2021-01-18 12:46,103.774,103.769
2021-01-18 12:47,103.774,103.770
2021-01-18 12:48,103.776,103.769
2021-01-18 12:49,103.769,103.764
2021-01-18 12:50,103.770,103.763
2021-01-18 12:51,103.760,103.758
2021-01-18 12:52,103.768,103.760
2021-01-18 12:53,103.766,103.765
2021-01-18 12:54,103.764,103.750
2021-01-18 12:55,103.762,103.757
2021-01-18 12:56,103.770,103.760
2021-01-18 12:57,103.785,103.768
2021-01-18 12:58,103.782,103.774
2021-01-18 12:59,103.775,103.770
2021-01-18 13:00,103.773,103.760
2021-01-18 13:01,103.763,103.755
2021-01-18 13:02,103.776,103.759
2021-01-18 13:03,103.782,103.770
2021-01-18 13:04,103.778,103.768
2021-01-18 13:05,103.774,103.764
2021-01-18 13:06,103.770,103.760
2021-01-18 13:07,103.769,103.763
2021-01-18 13:08,103.771,103.768
2021-01-18 13:09,103.775,103.769
2021-01-18 13:10,103.775,103.767
2021-01-18 13:11,103.770,103.764
2021-01-18 13:12,103.773,103.769
2021-01-18 13:13,103.769,103.766
2021-01-18 13:14,103.767,103.764
2021-01-18 13:15,103.767,103.760
2021-01-18 13:16,103.763,103.757
2021-01-18 13:17,103.762,103.756
2021-01-18 13:18,103.764,103.758
2021-01-18 13:19,103.765,103.760
2021-01-18 13:20,103.762,103.737
2021-01-18 13:21,103.739,103.732
2021-01-18 13:22,103.746,103.738
2021-01-18 13:23,103.749,103.743
2021-01-18 13:24,103.748,103.743
2021-01-18 13:25,103.752,103.743
2021-01-18 13:26,103.749,103.746
2021-01-18 13:27,103.753,103.747
2021-01-18 13:28,103.750,103.748
2021-01-18 13:29,103.753,103.746
2021-01-18 13:30,103.750,103.745
2021-01-18 13:31,103.751,103.744
2021-01-18 13:32,103.747,103.737
2021-01-18 13:33,103.745,103.738
2021-01-18 13:34,103.742,103.735
2021-01-18 13:35,103.742,103.733
2021-01-18 13:36,103.736,103.732
2021-01-18 13:37,103.741,103.737
2021-01-18 13:38,103.742,103.734
2021-01-18 13:39,103.743,103.738
2021-01-18 13:40,103.754,103.742
2021-01-18 13:41,103.760,103.746
2021-01-18 13:42,103.765,103.757
2021-01-18 13:43,103.763,103.757
2021-01-18 13:44,103.763,103.757
2021-01-18 13:45,103.764,103.754
2021-01-18 13:46,103.766,103.753
2021-01-18 13:47,103.758,103.753
2021-01-18 13:48,103.762,103.754
2021-01-18 13:49,103.759,103.750
2021-01-18 13:50,103.753,103.748
2021-01-18 13:51,103.750,103.748
2021-01-18 13:52,103.751,103.749
2021-01-18 13:53,103.752,103.746
2021-01-18 13:54,103.755,103.749
2021-01-18 13:55,103.750,103.746
2021-01-18 13:56,103.751,103.745
2021-01-18 13:57,103.753,103.740
2021-01-18 13:58,103.742,103.724
2021-01-18 13:59,103.735,103.718
2021-01-18 14:00,103.733,103.717
2021-01-18 14:01,103.736,103.721
2021-01-18 14:02,103.742,103.730
2021-01-18 14:03,103.741,103.736
2021-01-18 14:04,103.739,103.732
2021-01-18 14:05,103.740,103.732
2021-01-18 14:06,103.739,103.725
2021-01-18 14:07,103.732,103.728
2021-01-18 14:08,103.739,103.729
2021-01-18 14:09,103.738,103.728
2021-01-18 14:10,103.733,103.728
2021-01-18 14:11,103.745,103.730
2021-01-18 14:12,103.745,103.735
2021-01-18 14:13,103.745,103.732
2021-01-18 14:14,103.753,103.741
2021-01-18 14:15,103.751,103.744
2021-01-18 14:16,103.747,103.744
2021-01-18 14:17,103.750,103.744
2021-01-18 14:18,103.756,103.749
2021-01-18 14:19,103.755,103.745
2021-01-18 14:20,103.755,103.746
2021-01-18 14:21,103.754,103.743
2021-01-18 14:22,103.746,103.737
2021-01-18 14:23,103.745,103.738
2021-01-18 14:24,103.740,103.731
2021-01-18 14:25,103.739,103.732
2021-01-18 14:26,103.739,103.733
2021-01-18 14:27,103.738,103.733
2021-01-18 14:28,103.736,103.733
2021-01-18 14:29,103.736,103.732
2021-01-18 14:30,103.739,103.733
2021-01-18 14:31,103.746,103.738
2021-01-18 14:32,103.741,103.734
2021-01-18 14:33,103.738,103.730
2021-01-18 14:34,103.741,103.729
2021-01-18 14:35,103.740,103.732
2021-01-18 14:36,103.737,103.731
2021-01-18 14:37,103.741,103.734
2021-01-18 14:38,103.740,103.734
2021-01-18 14:39,103.739,103.734
2021-01-18 14:40,103.738,103.731
2021-01-18 14:41,103.734,103.727
2021-01-18 14:42,103.736,103.729
2021-01-18 14:43,103.743,103.735
2021-01-18 14:44,103.742,103.736
2021-01-18 14:45,103.740,103.733
2021-01-18 14:46,103.735,103.727
2021-01-18 14:47,103.742,103.731
2021-01-18 14:48,103.740,103.729
2021-01-18 14:49,103.736,103.723
2021-01-18 14:50,103.731,103.724
2021-01-18 14:51,103.730,103.723
2021-01-18 14:52,103.738,103.727
2021-01-18 14:53,103.734,103.725
2021-01-18 14:54,103.730,103.711
2021-01-18 14:55,103.726,103.716
2021-01-18 14:56,103.723,103.713
2021-01-18 14:57,103.721,103.714
2021-01-18 14:58,103.724,103.715
2021-01-18 14:59,103.733,103.722
2021-01-18 15:00,103.737,103.728
2021-01-18 15:01,103.738,103.731
2021-01-18 15:02,103.747,103.737
2021-01-18 15:03,103.743,103.737
2021-01-18 15:04,103.746,103.736
2021-01-18 15:05,103.748,103.740
2021-01-18 15:06,103.742,103.735
2021-01-18 15:07,103.737,103.731
2021-01-18 15:08,103.739,103.734
2021-01-18 15:09,103.737,103.735
2021-01-18 15:10,103.737,103.731
2021-01-18 15:11,103.740,103.733
2021-01-18 15:12,103.739,103.734
2021-01-18 15:13,103.738,103.733
2021-01-18 15:14,103.736,103.731
2021-01-18 15:15,103.739,103.727
2021-01-18 15:16,103.746,103.739
2021-01-18 15:17,103.744,103.740
2021-01-18 15:18,103.745,103.745
2021-01-18 15:19,103.745,103.743
2021-01-18 15:20,103.745,103.740
2021-01-18 15:21,103.742,103.735
2021-01-18 15:22,103.745,103.743
2021-01-18 15:23,103.745,103.743
2021-01-18 15:24,103.745,103.743
2021-01-18 15:26,103.745,103.739
2021-01-18 15:27,103.743,103.738
2021-01-18 15:28,103.748,103.736
2021-01-18 15:29,103.742,103.733
2021-01-18 15:30,103.737,103.729
2021-01-18 15:31,103.732,103.727
2021-01-18 15:32,103.727,103.715
2021-01-18 15:33,103.725,103.710
2021-01-18 15:34,103.712,103.699
2021-01-18 15:35,103.708,103.695
2021-01-18 15:36,103.705,103.675
2021-01-18 15:37,103.682,103.660
2021-01-18 15:38,103.673,103.660
2021-01-18 15:39,103.677,103.660
2021-01-18 15:40,103.685,103.667
2021-01-18 15:41,103.676,103.662
2021-01-18 15:42,103.682,103.662
2021-01-18 15:43,103.684,103.670
2021-01-18 15:44,103.676,103.668
2021-01-18 15:45,103.677,103.663
2021-01-18 15:46,103.689,103.675
2021-01-18 15:47,103.700,103.685
2021-01-18 15:48,103.709,103.697
2021-01-18 15:49,103.709,103.698
2021-01-18 15:50,103.700,103.689
2021-01-18 15:51,103.694,103.683
2021-01-18 15:52,103.694,103.686
2021-01-18 15:53,103.700,103.694
2021-01-18 15:54,103.694,103.681
2021-01-18 15:55,103.687,103.674
2021-01-18 15:56,103.697,103.690
2021-01-18 15:57,103.696,103.680
2021-01-18 15:58,103.692,103.680
2021-01-18 15:59,103.698,103.690
2021-01-18 16:00,103.705,103.693
2021-01-18 16:01,103.716,103.702
2021-01-18 16:02,103.716,103.713
2021-01-18 16:03,103.723,103.716
2021-01-18 16:04,103.720,103.713
2021-01-18 16:05,103.714,103.704
2021-01-18 16:06,103.705,103.702
2021-01-18 16:07,103.704,103.697
2021-01-18 16:08,103.697,103.690
2021-01-18 16:09,103.697,103.689
2021-01-18 16:10,103.695,103.688
2021-01-18 16:11,103.699,103.691
2021-01-18 16:12,103.698,103.694
2021-01-18 16:13,103.696,103.688
2021-01-18 16:14,103.695,103.690
2021-01-18 16:15,103.692,103.688
2021-01-18 16:16,103.694,103.688
2021-01-18 16:17,103.690,103.690
2021-01-18 16:18,103.690,103.680
2021-01-18 16:19,103.680,103.671
2021-01-18 16:20,103.685,103.674
2021-01-18 16:21,103.685,103.681
2021-01-18 16:22,103.681,103.680
2021-01-18 16:23,103.680,103.679
2021-01-18 16:24,103.684,103.680
2021-01-18 16:25,103.685,103.682
2021-01-18 16:26,103.682,103.670
2021-01-18 16:27,103.676,103.674
2021-01-18 16:28,103.678,103.672
2021-01-18 16:29,103.682,103.673
2021-01-18 16:30,103.681,103.679
2021-01-18 16:31,103.682,103.678
2021-01-18 16:32,103.681,103.678
2021-01-18 16:33,103.688,103.681
2021-01-18 16:34,103.687,103.680
2021-01-18 16:35,103.684,103.679
2021-01-18 16:36,103.682,103.678
2021-01-18 16:37,103.681,103.673
2021-01-18 16:38,103.677,103.674
2021-01-18 16:39,103.675,103.671
2021-01-18 16:40,103.674,103.673
2021-01-18 16:41,103.672,103.667
2021-01-18 16:42,103.671,103.668
2021-01-18 16:43,103.668,103.656
2021-01-18 16:44,103.663,103.650
2021-01-18 16:45,103.655,103.644
2021-01-18 16:46,103.646,103.637
2021-01-18 16:47,103.655,103.637
2021-01-18 16:48,103.655,103.647
2021-01-18 16:49,103.662,103.649
2021-01-18 16:50,103.675,103.663
2021-01-18 16:51,103.674,103.668
2021-01-18 16:52,103.673,103.670
2021-01-18 16:53,103.671,103.669
2021-01-18 16:54,103.671,103.666
2021-01-18 16:55,103.666,103.666
2021-01-18 16:56,103.667,103.667
2021-01-18 16:57,103.663,103.657
2021-01-18 16:58,103.666,103.662
2021-01-18 16:59,103.667,103.662
2021-01-18 17:00,103.663,103.661
2021-01-18 17:01,103.667,103.665
2021-01-18 17:02,103.665,103.658
2021-01-18 17:03,103.661,103.658
2021-01-18 17:04,103.664,103.660
2021-01-18 17:05,103.673,103.663
2021-01-18 17:06,103.672,103.670
2021-01-18 17:07,103.672,103.671
2021-01-18 17:08,103.672,103.672
2021-01-18 17:09,103.672,103.671
2021-01-18 17:10,103.670,103.670
2021-01-18 17:11,103.671,103.670
2021-01-18 17:12,103.672,103.671
2021-01-18 17:13,103.672,103.672
2021-01-18 17:14,103.679,103.673
2021-01-18 17:15,103.677,103.675
2021-01-18 17:16,103.679,103.677
2021-01-18 17:17,103.690,103.681
2021-01-18 17:18,103.692,103.689
2021-01-18 17:19,103.709,103.691
2021-01-18 17:20,103.700,103.696
2021-01-18 17:21,103.694,103.693
2021-01-18 17:22,103.700,103.694
2021-01-18 17:23,103.704,103.698
2021-01-18 17:24,103.705,103.705
2021-01-18 17:25,103.705,103.699
2021-01-18 17:26,103.700,103.700
2021-01-18 17:27,103.701,103.701
2021-01-18 17:28,103.700,103.698
2021-01-18 17:29,103.715,103.699
2021-01-18 17:30,103.716,103.713
2021-01-18 17:31,103.716,103.714
2021-01-18 17:32,103.717,103.715
2021-01-18 17:33,103.715,103.714
2021-01-18 17:34,103.715,103.713
2021-01-18 17:35,103.717,103.715
2021-01-18 17:36,103.717,103.715
2021-01-18 17:37,103.716,103.715
2021-01-18 17:38,103.716,103.715
2021-01-18 17:39,103.716,103.716
2021-01-18 17:40,103.716,103.716
2021-01-18 17:41,103.714,103.710
2021-01-18 17:42,103.711,103.709
2021-01-18 17:43,103.710,103.707
2021-01-18 17:44,103.712,103.709
2021-01-18 17:45,103.711,103.709
2021-01-18 17:46,103.710,103.706
2021-01-18 17:47,103.705,103.702
2021-01-18 17:48,103.705,103.703
2021-01-18 17:49,103.706,103.703
2021-01-18 17:50,103.704,103.702
2021-01-18 17:51,103.704,103.701
2021-01-18 17:52,103.701,103.695
2021-01-18 17:53,103.695,103.689
2021-01-18 17:54,103.702,103.696
2021-01-18 17:55,103.711,103.701
2021-01-18 17:56,103.715,103.710
2021-01-18 17:57,103.713,103.705
2021-01-18 17:58,103.710,103.706
2021-01-18 17:59,103.709,103.702
2021-01-18 18:00,103.702,103.696
2021-01-18 18:01,103.696,103.695
2021-01-18 18:02,103.696,103.695
2021-01-18 18:04,103.695,103.695
2021-01-18 18:05,103.695,103.694
2021-01-18 18:06,103.698,103.695
2021-01-18 18:07,103.697,103.696
2021-01-18 18:08,103.698,103.694
2021-01-18 18:09,103.695,103.693
2021-01-18 18:10,103.692,103.692
2021-01-18 18:11,103.693,103.692
2021-01-18 18:12,103.694,103.693
2021-01-18 18:13,103.694,103.691
2021-01-18 18:14,103.692,103.686
2021-01-18 18:15,103.689,103.682
2021-01-18 18:16,103.684,103.680
2021-01-18 18:17,103.684,103.675
2021-01-18 18:18,103.689,103.677
2021-01-18 18:19,103.691,103.687
2021-01-18 18:20,103.692,103.689
2021-01-18 18:21,103.691,103.687
2021-01-18 18:22,103.688,103.687
2021-01-18 18:23,103.689,103.686
2021-01-18 18:24,103.687,103.686
2021-01-18 18:25,103.688,103.686
2021-01-18 18:26,103.687,103.686
2021-01-18 18:27,103.688,103.686
2021-01-18 18:28,103.688,103.686
2021-01-18 18:29,103.686,103.685
2021-01-18 18:30,103.686,103.684
2021-01-18 18:31,103.685,103.684
2021-01-18 18:32,103.688,103.685
2021-01-18 18:33,103.688,103.685
2021-01-18 18:34,103.687,103.685
2021-01-18 18:35,103.688,103.687
2021-01-18 18:36,103.690,103.687
2021-01-18 18:37,103.690,103.686
2021-01-18 18:38,103.690,103.685
2021-01-18 18:39,103.691,103.688
2021-01-18 18:40,103.692,103.689
2021-01-18 18:41,103.692,103.690
2021-01-18 18:42,103.692,103.689
2021-01-18 18:43,103.691,103.689
2021-01-18 18:44,103.691,103.687
2021-01-18 18:45,103.691,103.687
2021-01-18 18:46,103.691,103.688
2021-01-18 18:47,103.690,103.687
2021-01-18 18:48,103.689,103.687
2021-01-18 18:49,103.691,103.687
2021-01-18 18:50,103.691,103.688
2021-01-18 18:51,103.690,103.688
2021-01-18 18:52,103.690,103.687
2021-01-18 18:53,103.690,103.687
2021-01-18 18:54,103.690,103.687
2021-01-18 18:55,103.691,103.687
2021-01-18 18:56,103.689,103.686
2021-01-18 18:57,103.688,103.687
2021-01-18 18:58,103.689,103.687
2021-01-18 18:59,103.690,103.689
2021-01-18 19:00,103.691,103.689
2021-01-18 19:01,103.690,103.687
2021-01-18 19:02,103.690,103.686
2021-01-18 19:03,103.687,103.674
2021-01-18 19:04,103.684,103.681
2021-01-18 19:05,103.684,103.681
2021-01-18 19:06,103.684,103.680
2021-01-18 19:07,103.684,103.682
2021-01-18 19:08,103.685,103.683
2021-01-18 19:09,103.683,103.683
2021-01-18 19:10,103.688,103.683
2021-01-18 19:11,103.687,103.687
2021-01-18 19:12,103.691,103.684
2021-01-18 19:13,103.693,103.687
2021-01-18 19:14,103.691,103.685
2021-01-18 19:15,103.686,103.683
2021-01-18 19:16,103.688,103.684
2021-01-18 19:17,103.687,103.685
2021-01-18 19:18,103.687,103.685
2021-01-18 19:19,103.686,103.682
2021-01-18 19:20,103.684,103.681
2021-01-18 19:21,103.681,103.679
2021-01-18 19:22,103.683,103.680
2021-01-18 19:23,103.684,103.680
2021-01-18 19:24,103.683,103.680
2021-01-18 19:25,103.684,103.680
2021-01-18 19:26,103.682,103.680
2021-01-18 19:27,103.682,103.680
2021-01-18 19:28,103.683,103.681
2021-01-18 19:29,103.682,103.681
2021-01-18 19:30,103.683,103.682
2021-01-18 19:31,103.684,103.682
2021-01-18 19:32,103.683,103.682
2021-01-18 19:33,103.681,103.681
2021-01-18 19:34,103.681,103.681
2021-01-18 19:35,103.682,103.681
2021-01-18 19:36,103.682,103.682
2021-01-18 19:37,103.683,103.681
2021-01-18 19:38,103.683,103.680
2021-01-18 19:39,103.683,103.680
2021-01-18 19:40,103.682,103.680
2021-01-18 19:41,103.682,103.681
2021-01-18 19:42,103.683,103.681
2021-01-18 19:43,103.683,103.680
2021-01-18 19:44,103.683,103.682
2021-01-18 19:45,103.683,103.681
2021-01-18 19:46,103.683,103.681
2021-01-18 19:47,103.683,103.681
2021-01-18 19:48,103.682,103.673
2021-01-18 19:49,103.680,103.671
2021-01-18 19:50,103.678,103.673
2021-01-18 19:51,103.680,103.672
2021-01-18 19:52,103.680,103.678
2021-01-18 19:53,103.680,103.679
2021-01-18 19:54,103.680,103.678
2021-01-18 19:55,103.680,103.678
2021-01-18 19:56,103.681,103.678
2021-01-18 19:57,103.685,103.680
2021-01-18 19:58,103.685,103.683
2021-01-18 19:59,103.684,103.681
2021-01-18 20:00,103.685,103.682
2021-01-18 20:01,103.684,103.679
2021-01-18 20:02,103.682,103.679
2021-01-18 20:03,103.683,103.681
2021-01-18 20:04,103.683,103.680
2021-01-18 20:05,103.683,103.681
2021-01-18 20:06,103.683,103.681
2021-01-18 20:07,103.683,103.681
2021-01-18 20:08,103.684,103.680
2021-01-18 20:09,103.683,103.678
2021-01-18 20:10,103.680,103.678
2021-01-18 20:11,103.688,103.680
2021-01-18 20:12,103.690,103.684
2021-01-18 20:13,103.684,103.681
2021-01-18 20:14,103.684,103.682
2021-01-18 20:15,103.684,103.681
2021-01-18 20:16,103.685,103.685
2021-01-18 20:17,103.685,103.684
2021-01-18 20:18,103.685,103.684
2021-01-18 20:19,103.684,103.683
2021-01-18 20:20,103.685,103.684
2021-01-18 20:22,103.685,103.685
2021-01-18 20:23,103.686,103.686
2021-01-18 20:24,103.687,103.686
2021-01-18 20:25,103.689,103.680
2021-01-18 20:26,103.685,103.683
2021-01-18 20:27,103.685,103.681
2021-01-18 20:28,103.686,103.685
2021-01-18 20:29,103.686,103.686
2021-01-18 20:30,103.685,103.685
2021-01-18 20:31,103.686,103.683
2021-01-18 20:33,103.689,103.684
2021-01-18 20:34,103.690,103.688
2021-01-18 20:35,103.690,103.684
2021-01-18 20:36,103.687,103.682
2021-01-18 20:37,103.685,103.684
2021-01-18 20:38,103.685,103.682
2021-01-18 20:39,103.687,103.682
2021-01-18 20:40,103.692,103.685
2021-01-18 20:41,103.690,103.683
2021-01-18 20:42,103.687,103.683
2021-01-18 20:43,103.688,103.684
2021-01-18 20:44,103.687,103.684
2021-01-18 20:45,103.687,103.680
2021-01-18 20:46,103.683,103.680
2021-01-18 20:47,103.683,103.680
2021-01-18 20:48,103.682,103.680
2021-01-18 20:49,103.682,103.680
2021-01-18 20:50,103.682,103.679
2021-01-18 20:51,103.682,103.679
2021-01-18 20:52,103.683,103.681
2021-01-18 20:53,103.682,103.680
2021-01-18 20:54,103.682,103.680
2021-01-18 20:55,103.682,103.680
2021-01-18 20:56,103.684,103.668
2021-01-18 20:57,103.677,103.654
2021-01-18 20:58,103.673,103.667
2021-01-18 20:59,103.677,103.656
2021-01-18 21:00,103.675,103.659
2021-01-18 21:01,103.675,103.662
2021-01-18 21:02,103.670,103.663
2021-01-18 21:03,103.673,103.661
2021-01-18 21:04,103.672,103.659
2021-01-18 21:05,103.672,103.668
2021-01-18 21:06,103.671,103.670
2021-01-18 21:07,103.681,103.665
2021-01-18 21:08,103.672,103.666
2021-01-18 21:09,103.692,103.666
2021-01-18 21:10,103.686,103.669
2021-01-18 21:11,103.686,103.676
2021-01-18 21:12,103.684,103.679
2021-01-18 21:14,103.685,103.679
2021-01-18 21:15,103.685,103.680
2021-01-18 21:16,103.685,103.679
2021-01-18 21:17,103.686,103.681
2021-01-18 21:18,103.686,103.680
2021-01-18 21:19,103.686,103.681
2021-01-18 21:20,103.687,103.681
2021-01-18 21:21,103.688,103.687
2021-01-18 21:22,103.688,103.688
2021-01-18 21:23,103.687,103.683
2021-01-18 21:24,103.687,103.684
2021-01-18 21:25,103.689,103.686
2021-01-18 21:26,103.689,103.685
2021-01-18 21:27,103.690,103.688
2021-01-18 21:28,103.690,103.686
2021-01-18 21:29,103.690,103.688
2021-01-18 21:30,103.692,103.685
2021-01-18 21:31,103.698,103.662
2021-01-18 21:32,103.683,103.668
2021-01-18 21:33,103.678,103.664
2021-01-18 21:34,103.689,103.664
2021-01-18 21:35,103.686,103.680
2021-01-18 21:36,103.684,103.680
2021-01-18 21:37,103.686,103.679
2021-01-18 21:38,103.685,103.658
2021-01-18 21:39,103.678,103.665
2021-01-18 21:40,103.667,103.657
2021-01-18 21:41,103.671,103.662
2021-01-18 21:42,103.666,103.664
2021-01-18 21:43,103.667,103.666
2021-01-18 21:44,103.665,103.663
2021-01-18 21:45,103.687,103.664
2021-01-18 21:46,103.687,103.682
2021-01-18 21:47,103.683,103.683
2021-01-18 21:48,103.684,103.684
2021-01-18 21:49,103.685,103.684
2021-01-18 21:50,103.683,103.679
2021-01-18 21:51,103.688,103.679
2021-01-18 21:52,103.687,103.687
2021-01-18 21:53,103.683,103.682
2021-01-18 21:54,103.686,103.685
2021-01-18 21:55,103.688,103.681
2021-01-18 21:56,103.687,103.681
2021-01-18 21:57,103.687,103.681
2021-01-18 21:58,103.691,103.684
2021-01-18 21:59,103.689,103.684
2021-01-18 22:00,103.689,103.684
2021-01-18 22:01,103.687,103.687
2021-01-18 22:02,103.686,103.686
2021-01-18 22:04,103.687,103.687
2021-01-18 22:05,103.686,103.686
2021-01-18 22:06,103.687,103.686
2021-01-18 22:07,103.688,103.688
2021-01-18 22:08,103.689,103.689
2021-01-18 22:09,103.688,103.688
2021-01-18 22:10,103.688,103.688
2021-01-18 22:11,103.689,103.689
2021-01-18 22:12,103.690,103.690
2021-01-18 22:13,103.690,103.690
2021-01-18 22:14,103.690,103.690
2021-01-18 22:15,103.690,103.690
2021-01-18 22:16,103.712,103.684
2021-01-18 22:17,103.708,103.708
2021-01-18 22:18,103.710,103.710
2021-01-18 22:19,103.698,103.698
2021-01-18 22:20,103.707,103.691
2021-01-18 22:21,103.709,103.709
2021-01-18 22:22,103.705,103.688
2021-01-18 22:23,103.706,103.706
2021-01-18 22:24,103.706,103.706
2021-01-18 22:27,103.709,103.708
2021-01-18 22:28,103.707,103.707
2021-01-18 22:29,103.708,103.708
2021-01-18 22:30,103.710,103.704
2021-01-18 22:34,103.706,103.702
2021-01-18 22:35,103.710,103.705
2021-01-18 22:37,103.710,103.710
2021-01-18 22:38,103.710,103.706
2021-01-18 22:39,103.706,103.686
2021-01-18 22:40,103.703,103.681
2021-01-18 22:42,103.701,103.700
2021-01-18 22:43,103.703,103.689
2021-01-18 22:44,103.707,103.690
2021-01-18 22:45,103.706,103.690
2021-01-18 22:46,103.703,103.691
2021-01-18 22:47,103.709,103.693
2021-01-18 22:48,103.711,103.709
2021-01-18 22:49,103.710,103.708
2021-01-18 22:50,103.710,103.690
2021-01-18 22:51,103.706,103.691
2021-01-18 22:52,103.707,103.693
2021-01-18 22:53,103.701,103.695
2021-01-18 22:54,103.698,103.689
2021-01-18 22:55,103.703,103.691
2021-01-18 22:56,103.691,103.688
2021-01-18 22:57,103.690,103.690
2021-01-18 22:58,103.691,103.691
2021-01-18 22:59,103.693,103.691
2021-01-18 23:00,103.704,103.690
2021-01-18 23:01,103.703,103.679
2021-01-18 23:02,103.685,103.679
2021-01-18 23:03,103.687,103.681
2021-01-18 23:04,103.694,103.687
2021-01-18 23:05,103.692,103.688
2021-01-18 23:06,103.692,103.686
2021-01-18 23:07,103.688,103.683
2021-01-18 23:08,103.689,103.685
2021-01-18 23:09,103.689,103.684
2021-01-18 23:10,103.683,103.682
2021-01-18 23:11,103.688,103.684
2021-01-18 23:12,103.700,103.682
2021-01-18 23:13,103.700,103.698
2021-01-18 23:14,103.700,103.698
2021-01-18 23:15,103.699,103.693
2021-01-18 23:16,103.696,103.690
2021-01-18 23:17,103.695,103.686
2021-01-18 23:18,103.689,103.686
2021-01-18 23:19,103.690,103.687
2021-01-18 23:20,103.693,103.689
2021-01-18 23:21,103.700,103.693
2021-01-18 23:22,103.700,103.694
2021-01-18 23:23,103.700,103.693
2021-01-18 23:24,103.707,103.697
2021-01-18 23:25,103.699,103.685
2021-01-18 23:26,103.687,103.685
2021-01-18 23:27,103.689,103.683
2021-01-18 23:28,103.689,103.688
2021-01-18 23:29,103.689,103.689
2021-01-18 23:30,103.689,103.682
2021-01-18 23:31,103.704,103.685
2021-01-18 23:32,103.699,103.684
2021-01-18 23:33,103.689,103.683
2021-01-18 23:34,103.702,103.688
2021-01-18 23:35,103.705,103.695
2021-01-18 23:36,103.696,103.688
2021-01-18 23:37,103.698,103.693
2021-01-18 23:38,103.696,103.694
2021-01-18 23:39,103.693,103.683
2021-01-18 23:40,103.691,103.688
2021-01-18 23:41,103.693,103.688
2021-01-18 23:42,103.698,103.692
2021-01-18 23:43,103.698,103.694
2021-01-18 23:44,103.696,103.690
2021-01-18 23:45,103.692,103.683
2021-01-18 23:46,103.691,103.682
2021-01-18 23:47,103.692,103.689
2021-01-18 23:48,103.693,103.689
2021-01-18 23:49,103.693,103.693
2021-01-18 23:50,103.693,103.693
2021-01-18 23:51,103.693,103.692
2021-01-18 23:52,103.694,103.691
2021-01-18 23:53,103.714,103.696
2021-01-18 23:54,103.721,103.709
2021-01-18 23:55,103.715,103.705
2021-01-18 23:56,103.717,103.716
2021-01-18 23:57,103.716,103.704
2021-01-18 23:58,103.705,103.705
2021-01-18 23:59,103.706,103.704
